<annotation>
	<folder>images</folder>
	<filename>img158.jpg</filename>
	<path>C:\Users\Michelle Liao\OneDrive\Desktop\data\images\img158.jpg</path>
	<source>
		<database>Unknown</database>
	</source>
	<size>
		<width>208</width>
		<height>256</height>
		<depth>3</depth>
	</size>
	<segmented>0</segmented>
	<object>
		<name>banana</name>
		<pose>Unspecified</pose>
		<truncated>0</truncated>
		<difficult>0</difficult>
		<bndbox>
			<xmin>12</xmin>
			<ymin>88</ymin>
			<xmax>198</xmax>
			<ymax>199</ymax>
		</bndbox>
	</object>
</annotation>
