<annotation>
	<folder>images</folder>
	<filename>img37.jpg</filename>
	<path>C:\Users\Michelle Liao\OneDrive\Desktop\data\images\img37.jpg</path>
	<source>
		<database>Unknown</database>
	</source>
	<size>
		<width>208</width>
		<height>256</height>
		<depth>3</depth>
	</size>
	<segmented>0</segmented>
	<object>
		<name>banana</name>
		<pose>Unspecified</pose>
		<truncated>0</truncated>
		<difficult>0</difficult>
		<bndbox>
			<xmin>6</xmin>
			<ymin>61</ymin>
			<xmax>190</xmax>
			<ymax>191</ymax>
		</bndbox>
	</object>
</annotation>
