<annotation>
	<folder>images</folder>
	<filename>img357.jpg</filename>
	<path>/Users/tammyauyong/Documents/ITI107_Assignment/images/img357.jpg</path>
	<source>
		<database>Unknown</database>
	</source>
	<size>
		<width>208</width>
		<height>256</height>
		<depth>3</depth>
	</size>
	<segmented>0</segmented>
	<object>
		<name>apple</name>
		<pose>Unspecified</pose>
		<truncated>0</truncated>
		<difficult>0</difficult>
		<bndbox>
			<xmin>14</xmin>
			<ymin>95</ymin>
			<xmax>94</xmax>
			<ymax>173</ymax>
		</bndbox>
	</object>
	<object>
		<name>apple</name>
		<pose>Unspecified</pose>
		<truncated>0</truncated>
		<difficult>0</difficult>
		<bndbox>
			<xmin>96</xmin>
			<ymin>91</ymin>
			<xmax>177</xmax>
			<ymax>175</ymax>
		</bndbox>
	</object>
</annotation>
