<annotation>
	<folder>images</folder>
	<filename>img389.jpg</filename>
	<path>/Users/tammyauyong/Documents/ITI107_Assignment/images/img389.jpg</path>
	<source>
		<database>Unknown</database>
	</source>
	<size>
		<width>208</width>
		<height>256</height>
		<depth>3</depth>
	</size>
	<segmented>0</segmented>
	<object>
		<name>apple</name>
		<pose>Unspecified</pose>
		<truncated>0</truncated>
		<difficult>0</difficult>
		<bndbox>
			<xmin>32</xmin>
			<ymin>103</ymin>
			<xmax>105</xmax>
			<ymax>176</ymax>
		</bndbox>
	</object>
	<object>
		<name>apple</name>
		<pose>Unspecified</pose>
		<truncated>0</truncated>
		<difficult>0</difficult>
		<bndbox>
			<xmin>108</xmin>
			<ymin>98</ymin>
			<xmax>182</xmax>
			<ymax>170</ymax>
		</bndbox>
	</object>
</annotation>
