<annotation>
	<folder>images</folder>
	<filename>img378.jpg</filename>
	<path>/Users/tammyauyong/Documents/ITI107_Assignment/images/img378.jpg</path>
	<source>
		<database>Unknown</database>
	</source>
	<size>
		<width>208</width>
		<height>256</height>
		<depth>3</depth>
	</size>
	<segmented>0</segmented>
	<object>
		<name>apple</name>
		<pose>Unspecified</pose>
		<truncated>0</truncated>
		<difficult>0</difficult>
		<bndbox>
			<xmin>31</xmin>
			<ymin>95</ymin>
			<xmax>96</xmax>
			<ymax>162</ymax>
		</bndbox>
	</object>
	<object>
		<name>apple</name>
		<pose>Unspecified</pose>
		<truncated>0</truncated>
		<difficult>0</difficult>
		<bndbox>
			<xmin>75</xmin>
			<ymin>86</ymin>
			<xmax>172</xmax>
			<ymax>178</ymax>
		</bndbox>
	</object>
</annotation>
