<annotation>
	<folder>images</folder>
	<filename>img315.jpg</filename>
	<path>/Users/tammyauyong/Documents/ITI107_Assignment/images/img315.jpg</path>
	<source>
		<database>Unknown</database>
	</source>
	<size>
		<width>208</width>
		<height>256</height>
		<depth>3</depth>
	</size>
	<segmented>0</segmented>
	<object>
		<name>apple</name>
		<pose>Unspecified</pose>
		<truncated>1</truncated>
		<difficult>0</difficult>
		<bndbox>
			<xmin>1</xmin>
			<ymin>18</ymin>
			<xmax>204</xmax>
			<ymax>233</ymax>
		</bndbox>
	</object>
</annotation>
