<annotation>
	<folder>images</folder>
	<filename>img395.jpg</filename>
	<path>/Users/tammyauyong/Documents/ITI107_Assignment/images/img395.jpg</path>
	<source>
		<database>Unknown</database>
	</source>
	<size>
		<width>208</width>
		<height>256</height>
		<depth>3</depth>
	</size>
	<segmented>0</segmented>
	<object>
		<name>apple</name>
		<pose>Unspecified</pose>
		<truncated>0</truncated>
		<difficult>0</difficult>
		<bndbox>
			<xmin>6</xmin>
			<ymin>49</ymin>
			<xmax>167</xmax>
			<ymax>207</ymax>
		</bndbox>
	</object>
</annotation>
