<annotation>
	<folder>images</folder>
	<filename>img397.jpg</filename>
	<path>/Users/tammyauyong/Documents/ITI107_Assignment/images/img397.jpg</path>
	<source>
		<database>Unknown</database>
	</source>
	<size>
		<width>208</width>
		<height>256</height>
		<depth>3</depth>
	</size>
	<segmented>0</segmented>
	<object>
		<name>apple</name>
		<pose>Unspecified</pose>
		<truncated>0</truncated>
		<difficult>0</difficult>
		<bndbox>
			<xmin>5</xmin>
			<ymin>80</ymin>
			<xmax>137</xmax>
			<ymax>212</ymax>
		</bndbox>
	</object>
	<object>
		<name>apple</name>
		<pose>Unspecified</pose>
		<truncated>0</truncated>
		<difficult>0</difficult>
		<bndbox>
			<xmin>88</xmin>
			<ymin>38</ymin>
			<xmax>203</xmax>
			<ymax>158</ymax>
		</bndbox>
	</object>
</annotation>
