<annotation>
	<folder>images</folder>
	<filename>img325.jpg</filename>
	<path>/Users/tammyauyong/Documents/ITI107_Assignment/images/img325.jpg</path>
	<source>
		<database>Unknown</database>
	</source>
	<size>
		<width>208</width>
		<height>256</height>
		<depth>3</depth>
	</size>
	<segmented>0</segmented>
	<object>
		<name>apple</name>
		<pose>Unspecified</pose>
		<truncated>0</truncated>
		<difficult>0</difficult>
		<bndbox>
			<xmin>9</xmin>
			<ymin>38</ymin>
			<xmax>207</xmax>
			<ymax>216</ymax>
		</bndbox>
	</object>
</annotation>
