<annotation>
	<folder>images</folder>
	<filename>img343.jpg</filename>
	<path>/Users/tammyauyong/Documents/ITI107_Assignment/images/img343.jpg</path>
	<source>
		<database>Unknown</database>
	</source>
	<size>
		<width>208</width>
		<height>256</height>
		<depth>3</depth>
	</size>
	<segmented>0</segmented>
	<object>
		<name>apple</name>
		<pose>Unspecified</pose>
		<truncated>0</truncated>
		<difficult>0</difficult>
		<bndbox>
			<xmin>10</xmin>
			<ymin>60</ymin>
			<xmax>111</xmax>
			<ymax>159</ymax>
		</bndbox>
	</object>
	<object>
		<name>apple</name>
		<pose>Unspecified</pose>
		<truncated>0</truncated>
		<difficult>0</difficult>
		<bndbox>
			<xmin>114</xmin>
			<ymin>110</ymin>
			<xmax>195</xmax>
			<ymax>191</ymax>
		</bndbox>
	</object>
</annotation>
