<annotation>
	<folder>images</folder>
	<filename>img316.jpg</filename>
	<path>/Users/tammyauyong/Documents/ITI107_Assignment/images/img316.jpg</path>
	<source>
		<database>Unknown</database>
	</source>
	<size>
		<width>208</width>
		<height>256</height>
		<depth>3</depth>
	</size>
	<segmented>0</segmented>
	<object>
		<name>apple</name>
		<pose>Unspecified</pose>
		<truncated>0</truncated>
		<difficult>0</difficult>
		<bndbox>
			<xmin>14</xmin>
			<ymin>48</ymin>
			<xmax>106</xmax>
			<ymax>135</ymax>
		</bndbox>
	</object>
	<object>
		<name>apple</name>
		<pose>Unspecified</pose>
		<truncated>0</truncated>
		<difficult>0</difficult>
		<bndbox>
			<xmin>106</xmin>
			<ymin>53</ymin>
			<xmax>198</xmax>
			<ymax>141</ymax>
		</bndbox>
	</object>
</annotation>
