<annotation>
	<folder>images</folder>
	<filename>img398.jpg</filename>
	<path>/Users/tammyauyong/Documents/ITI107_Assignment/images/img398.jpg</path>
	<source>
		<database>Unknown</database>
	</source>
	<size>
		<width>208</width>
		<height>256</height>
		<depth>3</depth>
	</size>
	<segmented>0</segmented>
	<object>
		<name>apple</name>
		<pose>Unspecified</pose>
		<truncated>0</truncated>
		<difficult>0</difficult>
		<bndbox>
			<xmin>74</xmin>
			<ymin>103</ymin>
			<xmax>203</xmax>
			<ymax>226</ymax>
		</bndbox>
	</object>
	<object>
		<name>apple</name>
		<pose>Unspecified</pose>
		<truncated>1</truncated>
		<difficult>0</difficult>
		<bndbox>
			<xmin>1</xmin>
			<ymin>81</ymin>
			<xmax>77</xmax>
			<ymax>207</ymax>
		</bndbox>
	</object>
	<object>
		<name>apple</name>
		<pose>Unspecified</pose>
		<truncated>0</truncated>
		<difficult>0</difficult>
		<bndbox>
			<xmin>65</xmin>
			<ymin>35</ymin>
			<xmax>162</xmax>
			<ymax>113</ymax>
		</bndbox>
	</object>
</annotation>
