<annotation>
	<folder>images</folder>
	<filename>img384.jpg</filename>
	<path>/Users/tammyauyong/Documents/ITI107_Assignment/images/img384.jpg</path>
	<source>
		<database>Unknown</database>
	</source>
	<size>
		<width>208</width>
		<height>256</height>
		<depth>3</depth>
	</size>
	<segmented>0</segmented>
	<object>
		<name>apple</name>
		<pose>Unspecified</pose>
		<truncated>0</truncated>
		<difficult>0</difficult>
		<bndbox>
			<xmin>114</xmin>
			<ymin>16</ymin>
			<xmax>195</xmax>
			<ymax>94</ymax>
		</bndbox>
	</object>
	<object>
		<name>apple</name>
		<pose>Unspecified</pose>
		<truncated>0</truncated>
		<difficult>0</difficult>
		<bndbox>
			<xmin>53</xmin>
			<ymin>157</ymin>
			<xmax>138</xmax>
			<ymax>233</ymax>
		</bndbox>
	</object>
</annotation>
