<annotation>
	<folder>images</folder>
	<filename>img432.jpg</filename>
	<path>/Users/adelynteo/Downloads/ITI107Assignment/data/images/img432.jpg</path>
	<source>
		<database>Unknown</database>
	</source>
	<size>
		<width>208</width>
		<height>256</height>
		<depth>3</depth>
	</size>
	<segmented>0</segmented>
	<object>
		<name>watermelon</name>
		<pose>Unspecified</pose>
		<truncated>0</truncated>
		<difficult>0</difficult>
		<bndbox>
			<xmin>113</xmin>
			<ymin>81</ymin>
			<xmax>186</xmax>
			<ymax>156</ymax>
		</bndbox>
	</object>
	<object>
		<name>watermelon</name>
		<pose>Unspecified</pose>
		<truncated>0</truncated>
		<difficult>0</difficult>
		<bndbox>
			<xmin>79</xmin>
			<ymin>148</ymin>
			<xmax>156</xmax>
			<ymax>228</ymax>
		</bndbox>
	</object>
	<object>
		<name>watermelon</name>
		<pose>Unspecified</pose>
		<truncated>0</truncated>
		<difficult>0</difficult>
		<bndbox>
			<xmin>18</xmin>
			<ymin>70</ymin>
			<xmax>101</xmax>
			<ymax>165</ymax>
		</bndbox>
	</object>
</annotation>
