<annotation>
	<folder>images</folder>
	<filename>img485.jpg</filename>
	<path>/Users/adelynteo/Downloads/ITI107Assignment/data/images/img485.jpg</path>
	<source>
		<database>Unknown</database>
	</source>
	<size>
		<width>208</width>
		<height>256</height>
		<depth>3</depth>
	</size>
	<segmented>0</segmented>
	<object>
		<name>watermelon</name>
		<pose>Unspecified</pose>
		<truncated>0</truncated>
		<difficult>0</difficult>
		<bndbox>
			<xmin>7</xmin>
			<ymin>91</ymin>
			<xmax>115</xmax>
			<ymax>164</ymax>
		</bndbox>
	</object>
	<object>
		<name>watermelon</name>
		<pose>Unspecified</pose>
		<truncated>0</truncated>
		<difficult>0</difficult>
		<bndbox>
			<xmin>122</xmin>
			<ymin>82</ymin>
			<xmax>207</xmax>
			<ymax>159</ymax>
		</bndbox>
	</object>
</annotation>
