<annotation>
	<folder>images</folder>
	<filename>img401.jpg</filename>
	<path>/Users/adelynteo/Downloads/ITI107Assignment/data/images/img401.jpg</path>
	<source>
		<database>Unknown</database>
	</source>
	<size>
		<width>208</width>
		<height>256</height>
		<depth>3</depth>
	</size>
	<segmented>0</segmented>
	<object>
		<name>watermelon</name>
		<pose>Unspecified</pose>
		<truncated>0</truncated>
		<difficult>0</difficult>
		<bndbox>
			<xmin>36</xmin>
			<ymin>174</ymin>
			<xmax>139</xmax>
			<ymax>241</ymax>
		</bndbox>
	</object>
	<object>
		<name>watermelon</name>
		<pose>Unspecified</pose>
		<truncated>0</truncated>
		<difficult>0</difficult>
		<bndbox>
			<xmin>73</xmin>
			<ymin>77</ymin>
			<xmax>129</xmax>
			<ymax>122</ymax>
		</bndbox>
	</object>
	<object>
		<name>watermelon</name>
		<pose>Unspecified</pose>
		<truncated>0</truncated>
		<difficult>0</difficult>
		<bndbox>
			<xmin>105</xmin>
			<ymin>23</ymin>
			<xmax>150</xmax>
			<ymax>50</ymax>
		</bndbox>
	</object>
</annotation>
