<annotation>
	<folder>images</folder>
	<filename>img402.jpg</filename>
	<path>/Users/adelynteo/Downloads/ITI107Assignment/data/images/img402.jpg</path>
	<source>
		<database>Unknown</database>
	</source>
	<size>
		<width>208</width>
		<height>256</height>
		<depth>3</depth>
	</size>
	<segmented>0</segmented>
	<object>
		<name>watermelon</name>
		<pose>Unspecified</pose>
		<truncated>0</truncated>
		<difficult>0</difficult>
		<bndbox>
			<xmin>18</xmin>
			<ymin>132</ymin>
			<xmax>130</xmax>
			<ymax>229</ymax>
		</bndbox>
	</object>
	<object>
		<name>watermelon</name>
		<pose>Unspecified</pose>
		<truncated>0</truncated>
		<difficult>0</difficult>
		<bndbox>
			<xmin>85</xmin>
			<ymin>74</ymin>
			<xmax>180</xmax>
			<ymax>145</ymax>
		</bndbox>
	</object>
</annotation>
