<annotation>
	<folder>images</folder>
	<filename>img469.jpg</filename>
	<path>/Users/adelynteo/Downloads/ITI107Assignment/data/images/img469.jpg</path>
	<source>
		<database>Unknown</database>
	</source>
	<size>
		<width>208</width>
		<height>256</height>
		<depth>3</depth>
	</size>
	<segmented>0</segmented>
	<object>
		<name>watermelon</name>
		<pose>Unspecified</pose>
		<truncated>0</truncated>
		<difficult>0</difficult>
		<bndbox>
			<xmin>21</xmin>
			<ymin>97</ymin>
			<xmax>117</xmax>
			<ymax>195</ymax>
		</bndbox>
	</object>
	<object>
		<name>watermelon</name>
		<pose>Unspecified</pose>
		<truncated>0</truncated>
		<difficult>0</difficult>
		<bndbox>
			<xmin>93</xmin>
			<ymin>64</ymin>
			<xmax>174</xmax>
			<ymax>147</ymax>
		</bndbox>
	</object>
</annotation>
