<annotation>
	<folder>images</folder>
	<filename>img414.jpg</filename>
	<path>/Users/adelynteo/Downloads/ITI107Assignment/data/images/img414.jpg</path>
	<source>
		<database>Unknown</database>
	</source>
	<size>
		<width>208</width>
		<height>256</height>
		<depth>3</depth>
	</size>
	<segmented>0</segmented>
	<object>
		<name>watermelon</name>
		<pose>Unspecified</pose>
		<truncated>0</truncated>
		<difficult>0</difficult>
		<bndbox>
			<xmin>73</xmin>
			<ymin>138</ymin>
			<xmax>184</xmax>
			<ymax>217</ymax>
		</bndbox>
	</object>
	<object>
		<name>watermelon</name>
		<pose>Unspecified</pose>
		<truncated>1</truncated>
		<difficult>0</difficult>
		<bndbox>
			<xmin>102</xmin>
			<ymin>76</ymin>
			<xmax>208</xmax>
			<ymax>176</ymax>
		</bndbox>
	</object>
	<object>
		<name>watermelon</name>
		<pose>Unspecified</pose>
		<truncated>1</truncated>
		<difficult>0</difficult>
		<bndbox>
			<xmin>1</xmin>
			<ymin>85</ymin>
			<xmax>83</xmax>
			<ymax>187</ymax>
		</bndbox>
	</object>
</annotation>
