<annotation>
	<folder>images</folder>
	<filename>img452.jpg</filename>
	<path>/Users/adelynteo/Downloads/ITI107Assignment/data/images/img452.jpg</path>
	<source>
		<database>Unknown</database>
	</source>
	<size>
		<width>208</width>
		<height>256</height>
		<depth>3</depth>
	</size>
	<segmented>0</segmented>
	<object>
		<name>watermelon</name>
		<pose>Unspecified</pose>
		<truncated>0</truncated>
		<difficult>0</difficult>
		<bndbox>
			<xmin>2</xmin>
			<ymin>138</ymin>
			<xmax>187</xmax>
			<ymax>227</ymax>
		</bndbox>
	</object>
	<object>
		<name>watermelon</name>
		<pose>Unspecified</pose>
		<truncated>0</truncated>
		<difficult>0</difficult>
		<bndbox>
			<xmin>4</xmin>
			<ymin>39</ymin>
			<xmax>192</xmax>
			<ymax>138</ymax>
		</bndbox>
	</object>
</annotation>
