<annotation>
	<folder>images</folder>
	<filename>img498.jpg</filename>
	<path>/Users/adelynteo/Downloads/ITI107Assignment/data/images/img498.jpg</path>
	<source>
		<database>Unknown</database>
	</source>
	<size>
		<width>208</width>
		<height>256</height>
		<depth>3</depth>
	</size>
	<segmented>0</segmented>
	<object>
		<name>watermelon</name>
		<pose>Unspecified</pose>
		<truncated>1</truncated>
		<difficult>0</difficult>
		<bndbox>
			<xmin>16</xmin>
			<ymin>151</ymin>
			<xmax>208</xmax>
			<ymax>228</ymax>
		</bndbox>
	</object>
	<object>
		<name>watermelon</name>
		<pose>Unspecified</pose>
		<truncated>1</truncated>
		<difficult>0</difficult>
		<bndbox>
			<xmin>1</xmin>
			<ymin>24</ymin>
			<xmax>137</xmax>
			<ymax>177</ymax>
		</bndbox>
	</object>
</annotation>
