<annotation>
	<folder>images</folder>
	<filename>img430.jpg</filename>
	<path>/Users/adelynteo/Downloads/ITI107Assignment/data/images/img430.jpg</path>
	<source>
		<database>Unknown</database>
	</source>
	<size>
		<width>208</width>
		<height>256</height>
		<depth>3</depth>
	</size>
	<segmented>0</segmented>
	<object>
		<name>watermelon</name>
		<pose>Unspecified</pose>
		<truncated>0</truncated>
		<difficult>0</difficult>
		<bndbox>
			<xmin>3</xmin>
			<ymin>49</ymin>
			<xmax>124</xmax>
			<ymax>180</ymax>
		</bndbox>
	</object>
	<object>
		<name>watermelon</name>
		<pose>Unspecified</pose>
		<truncated>0</truncated>
		<difficult>0</difficult>
		<bndbox>
			<xmin>124</xmin>
			<ymin>102</ymin>
			<xmax>205</xmax>
			<ymax>200</ymax>
		</bndbox>
	</object>
</annotation>
