<annotation>
	<folder>images</folder>
	<filename>img453.jpg</filename>
	<path>/Users/adelynteo/Downloads/ITI107Assignment/data/images/img453.jpg</path>
	<source>
		<database>Unknown</database>
	</source>
	<size>
		<width>208</width>
		<height>256</height>
		<depth>3</depth>
	</size>
	<segmented>0</segmented>
	<object>
		<name>watermelon</name>
		<pose>Unspecified</pose>
		<truncated>0</truncated>
		<difficult>0</difficult>
		<bndbox>
			<xmin>8</xmin>
			<ymin>95</ymin>
			<xmax>111</xmax>
			<ymax>201</ymax>
		</bndbox>
	</object>
	<object>
		<name>watermelon</name>
		<pose>Unspecified</pose>
		<truncated>0</truncated>
		<difficult>0</difficult>
		<bndbox>
			<xmin>85</xmin>
			<ymin>58</ymin>
			<xmax>175</xmax>
			<ymax>146</ymax>
		</bndbox>
	</object>
</annotation>
