<annotation>
	<folder>images</folder>
	<filename>img476.jpg</filename>
	<path>/Users/adelynteo/Downloads/ITI107Assignment/data/images/img476.jpg</path>
	<source>
		<database>Unknown</database>
	</source>
	<size>
		<width>208</width>
		<height>256</height>
		<depth>3</depth>
	</size>
	<segmented>0</segmented>
	<object>
		<name>watermelon</name>
		<pose>Unspecified</pose>
		<truncated>0</truncated>
		<difficult>0</difficult>
		<bndbox>
			<xmin>19</xmin>
			<ymin>97</ymin>
			<xmax>95</xmax>
			<ymax>175</ymax>
		</bndbox>
	</object>
	<object>
		<name>watermelon</name>
		<pose>Unspecified</pose>
		<truncated>0</truncated>
		<difficult>0</difficult>
		<bndbox>
			<xmin>126</xmin>
			<ymin>109</ymin>
			<xmax>190</xmax>
			<ymax>179</ymax>
		</bndbox>
	</object>
</annotation>
