<annotation>
	<folder>images</folder>
	<filename>img454.jpg</filename>
	<path>/Users/adelynteo/Downloads/ITI107Assignment/data/images/img454.jpg</path>
	<source>
		<database>Unknown</database>
	</source>
	<size>
		<width>208</width>
		<height>256</height>
		<depth>3</depth>
	</size>
	<segmented>0</segmented>
	<object>
		<name>watermelon</name>
		<pose>Unspecified</pose>
		<truncated>0</truncated>
		<difficult>0</difficult>
		<bndbox>
			<xmin>31</xmin>
			<ymin>92</ymin>
			<xmax>75</xmax>
			<ymax>138</ymax>
		</bndbox>
	</object>
	<object>
		<name>watermelon</name>
		<pose>Unspecified</pose>
		<truncated>0</truncated>
		<difficult>0</difficult>
		<bndbox>
			<xmin>125</xmin>
			<ymin>112</ymin>
			<xmax>175</xmax>
			<ymax>165</ymax>
		</bndbox>
	</object>
</annotation>
