<annotation>
	<folder>images</folder>
	<filename>img439.jpg</filename>
	<path>/Users/adelynteo/Downloads/ITI107Assignment/data/images/img439.jpg</path>
	<source>
		<database>Unknown</database>
	</source>
	<size>
		<width>208</width>
		<height>256</height>
		<depth>3</depth>
	</size>
	<segmented>0</segmented>
	<object>
		<name>watermelon</name>
		<pose>Unspecified</pose>
		<truncated>0</truncated>
		<difficult>0</difficult>
		<bndbox>
			<xmin>93</xmin>
			<ymin>65</ymin>
			<xmax>177</xmax>
			<ymax>156</ymax>
		</bndbox>
	</object>
	<object>
		<name>watermelon</name>
		<pose>Unspecified</pose>
		<truncated>0</truncated>
		<difficult>0</difficult>
		<bndbox>
			<xmin>26</xmin>
			<ymin>92</ymin>
			<xmax>121</xmax>
			<ymax>188</ymax>
		</bndbox>
	</object>
</annotation>
