<annotation>
	<folder>images</folder>
	<filename>img415.jpg</filename>
	<path>/Users/adelynteo/Downloads/ITI107Assignment/data/images/img415.jpg</path>
	<source>
		<database>Unknown</database>
	</source>
	<size>
		<width>208</width>
		<height>256</height>
		<depth>3</depth>
	</size>
	<segmented>0</segmented>
	<object>
		<name>watermelon</name>
		<pose>Unspecified</pose>
		<truncated>0</truncated>
		<difficult>0</difficult>
		<bndbox>
			<xmin>21</xmin>
			<ymin>101</ymin>
			<xmax>94</xmax>
			<ymax>167</ymax>
		</bndbox>
	</object>
	<object>
		<name>watermelon</name>
		<pose>Unspecified</pose>
		<truncated>0</truncated>
		<difficult>0</difficult>
		<bndbox>
			<xmin>109</xmin>
			<ymin>102</ymin>
			<xmax>190</xmax>
			<ymax>187</ymax>
		</bndbox>
	</object>
</annotation>
