<annotation>
	<folder>images</folder>
	<filename>img474.jpg</filename>
	<path>/Users/adelynteo/Downloads/ITI107Assignment/data/images/img474.jpg</path>
	<source>
		<database>Unknown</database>
	</source>
	<size>
		<width>208</width>
		<height>256</height>
		<depth>3</depth>
	</size>
	<segmented>0</segmented>
	<object>
		<name>watermelon</name>
		<pose>Unspecified</pose>
		<truncated>0</truncated>
		<difficult>0</difficult>
		<bndbox>
			<xmin>5</xmin>
			<ymin>53</ymin>
			<xmax>123</xmax>
			<ymax>183</ymax>
		</bndbox>
	</object>
	<object>
		<name>watermelon</name>
		<pose>Unspecified</pose>
		<truncated>0</truncated>
		<difficult>0</difficult>
		<bndbox>
			<xmin>122</xmin>
			<ymin>104</ymin>
			<xmax>201</xmax>
			<ymax>192</ymax>
		</bndbox>
	</object>
</annotation>
