<annotation>
	<folder>images</folder>
	<filename>img598.jpg</filename>
	<path>/Users/adelynteo/Downloads/ITI107Assignment/data/images/img598.jpg</path>
	<source>
		<database>Unknown</database>
	</source>
	<size>
		<width>208</width>
		<height>256</height>
		<depth>3</depth>
	</size>
	<segmented>0</segmented>
	<object>
		<name>watermelon</name>
		<pose>Unspecified</pose>
		<truncated>0</truncated>
		<difficult>0</difficult>
		<bndbox>
			<xmin>130</xmin>
			<ymin>79</ymin>
			<xmax>197</xmax>
			<ymax>145</ymax>
		</bndbox>
	</object>
	<object>
		<name>watermelon</name>
		<pose>Unspecified</pose>
		<truncated>0</truncated>
		<difficult>0</difficult>
		<bndbox>
			<xmin>27</xmin>
			<ymin>84</ymin>
			<xmax>109</xmax>
			<ymax>131</ymax>
		</bndbox>
	</object>
	<object>
		<name>watermelon</name>
		<pose>Unspecified</pose>
		<truncated>0</truncated>
		<difficult>0</difficult>
		<bndbox>
			<xmin>34</xmin>
			<ymin>124</ymin>
			<xmax>112</xmax>
			<ymax>175</ymax>
		</bndbox>
	</object>
</annotation>
