<annotation>
	<folder>images</folder>
	<filename>img503.jpg</filename>
	<path>/Users/adelynteo/Downloads/ITI107Assignment/data/images/img503.jpg</path>
	<source>
		<database>Unknown</database>
	</source>
	<size>
		<width>208</width>
		<height>256</height>
		<depth>3</depth>
	</size>
	<segmented>0</segmented>
	<object>
		<name>watermelon</name>
		<pose>Unspecified</pose>
		<truncated>0</truncated>
		<difficult>0</difficult>
		<bndbox>
			<xmin>62</xmin>
			<ymin>96</ymin>
			<xmax>142</xmax>
			<ymax>187</ymax>
		</bndbox>
	</object>
	<object>
		<name>watermelon</name>
		<pose>Unspecified</pose>
		<truncated>1</truncated>
		<difficult>0</difficult>
		<bndbox>
			<xmin>145</xmin>
			<ymin>70</ymin>
			<xmax>208</xmax>
			<ymax>151</ymax>
		</bndbox>
	</object>
</annotation>
