<annotation>
	<folder>images</folder>
	<filename>img570.jpg</filename>
	<path>/Users/adelynteo/Downloads/ITI107Assignment/data/images/img570.jpg</path>
	<source>
		<database>Unknown</database>
	</source>
	<size>
		<width>208</width>
		<height>256</height>
		<depth>3</depth>
	</size>
	<segmented>0</segmented>
	<object>
		<name>watermelon</name>
		<pose>Unspecified</pose>
		<truncated>1</truncated>
		<difficult>0</difficult>
		<bndbox>
			<xmin>1</xmin>
			<ymin>27</ymin>
			<xmax>141</xmax>
			<ymax>176</ymax>
		</bndbox>
	</object>
	<object>
		<name>watermelon</name>
		<pose>Unspecified</pose>
		<truncated>1</truncated>
		<difficult>0</difficult>
		<bndbox>
			<xmin>88</xmin>
			<ymin>74</ymin>
			<xmax>208</xmax>
			<ymax>230</ymax>
		</bndbox>
	</object>
</annotation>
