<annotation>
	<folder>images</folder>
	<filename>img521.jpg</filename>
	<path>/Users/adelynteo/Downloads/ITI107Assignment/data/images/img521.jpg</path>
	<source>
		<database>Unknown</database>
	</source>
	<size>
		<width>208</width>
		<height>256</height>
		<depth>3</depth>
	</size>
	<segmented>0</segmented>
	<object>
		<name>watermelon</name>
		<pose>Unspecified</pose>
		<truncated>0</truncated>
		<difficult>0</difficult>
		<bndbox>
			<xmin>2</xmin>
			<ymin>63</ymin>
			<xmax>124</xmax>
			<ymax>185</ymax>
		</bndbox>
	</object>
	<object>
		<name>watermelon</name>
		<pose>Unspecified</pose>
		<truncated>1</truncated>
		<difficult>0</difficult>
		<bndbox>
			<xmin>99</xmin>
			<ymin>128</ymin>
			<xmax>208</xmax>
			<ymax>203</ymax>
		</bndbox>
	</object>
</annotation>
