<annotation>
	<folder>images</folder>
	<filename>img561.jpg</filename>
	<path>/Users/adelynteo/Downloads/ITI107Assignment/data/images/img561.jpg</path>
	<source>
		<database>Unknown</database>
	</source>
	<size>
		<width>208</width>
		<height>256</height>
		<depth>3</depth>
	</size>
	<segmented>0</segmented>
	<object>
		<name>watermelon</name>
		<pose>Unspecified</pose>
		<truncated>0</truncated>
		<difficult>0</difficult>
		<bndbox>
			<xmin>30</xmin>
			<ymin>114</ymin>
			<xmax>127</xmax>
			<ymax>184</ymax>
		</bndbox>
	</object>
	<object>
		<name>watermelon</name>
		<pose>Unspecified</pose>
		<truncated>0</truncated>
		<difficult>0</difficult>
		<bndbox>
			<xmin>90</xmin>
			<ymin>83</ymin>
			<xmax>166</xmax>
			<ymax>170</ymax>
		</bndbox>
	</object>
</annotation>
