<annotation>
	<folder>images</folder>
	<filename>img533.jpg</filename>
	<path>/Users/adelynteo/Downloads/ITI107Assignment/data/images/img533.jpg</path>
	<source>
		<database>Unknown</database>
	</source>
	<size>
		<width>208</width>
		<height>256</height>
		<depth>3</depth>
	</size>
	<segmented>0</segmented>
	<object>
		<name>watermelon</name>
		<pose>Unspecified</pose>
		<truncated>0</truncated>
		<difficult>0</difficult>
		<bndbox>
			<xmin>18</xmin>
			<ymin>116</ymin>
			<xmax>127</xmax>
			<ymax>183</ymax>
		</bndbox>
	</object>
	<object>
		<name>watermelon</name>
		<pose>Unspecified</pose>
		<truncated>0</truncated>
		<difficult>0</difficult>
		<bndbox>
			<xmin>49</xmin>
			<ymin>66</ymin>
			<xmax>151</xmax>
			<ymax>137</ymax>
		</bndbox>
	</object>
	<object>
		<name>watermelon</name>
		<pose>Unspecified</pose>
		<truncated>0</truncated>
		<difficult>0</difficult>
		<bndbox>
			<xmin>98</xmin>
			<ymin>102</ymin>
			<xmax>190</xmax>
			<ymax>175</ymax>
		</bndbox>
	</object>
</annotation>
