<annotation>
	<folder>images</folder>
	<filename>img573.jpg</filename>
	<path>/Users/adelynteo/Downloads/ITI107Assignment/data/images/img573.jpg</path>
	<source>
		<database>Unknown</database>
	</source>
	<size>
		<width>208</width>
		<height>256</height>
		<depth>3</depth>
	</size>
	<segmented>0</segmented>
	<object>
		<name>watermelon</name>
		<pose>Unspecified</pose>
		<truncated>0</truncated>
		<difficult>0</difficult>
		<bndbox>
			<xmin>5</xmin>
			<ymin>94</ymin>
			<xmax>128</xmax>
			<ymax>201</ymax>
		</bndbox>
	</object>
	<object>
		<name>watermelon</name>
		<pose>Unspecified</pose>
		<truncated>0</truncated>
		<difficult>0</difficult>
		<bndbox>
			<xmin>97</xmin>
			<ymin>61</ymin>
			<xmax>190</xmax>
			<ymax>192</ymax>
		</bndbox>
	</object>
</annotation>
