<annotation>
	<folder>images</folder>
	<filename>img517.jpg</filename>
	<path>/Users/adelynteo/Downloads/ITI107Assignment/data/images/img517.jpg</path>
	<source>
		<database>Unknown</database>
	</source>
	<size>
		<width>208</width>
		<height>256</height>
		<depth>3</depth>
	</size>
	<segmented>0</segmented>
	<object>
		<name>watermelon</name>
		<pose>Unspecified</pose>
		<truncated>0</truncated>
		<difficult>0</difficult>
		<bndbox>
			<xmin>11</xmin>
			<ymin>124</ymin>
			<xmax>76</xmax>
			<ymax>165</ymax>
		</bndbox>
	</object>
	<object>
		<name>watermelon</name>
		<pose>Unspecified</pose>
		<truncated>0</truncated>
		<difficult>0</difficult>
		<bndbox>
			<xmin>114</xmin>
			<ymin>126</ymin>
			<xmax>186</xmax>
			<ymax>175</ymax>
		</bndbox>
	</object>
</annotation>
