<annotation>
	<folder>images</folder>
	<filename>img555.jpg</filename>
	<path>/Users/adelynteo/Downloads/ITI107Assignment/data/images/img555.jpg</path>
	<source>
		<database>Unknown</database>
	</source>
	<size>
		<width>208</width>
		<height>256</height>
		<depth>3</depth>
	</size>
	<segmented>0</segmented>
	<object>
		<name>watermelon</name>
		<pose>Unspecified</pose>
		<truncated>0</truncated>
		<difficult>0</difficult>
		<bndbox>
			<xmin>34</xmin>
			<ymin>127</ymin>
			<xmax>183</xmax>
			<ymax>196</ymax>
		</bndbox>
	</object>
	<object>
		<name>watermelon</name>
		<pose>Unspecified</pose>
		<truncated>0</truncated>
		<difficult>0</difficult>
		<bndbox>
			<xmin>23</xmin>
			<ymin>57</ymin>
			<xmax>172</xmax>
			<ymax>161</ymax>
		</bndbox>
	</object>
</annotation>
