<annotation>
	<folder>images</folder>
	<filename>img535.jpg</filename>
	<path>/Users/adelynteo/Downloads/ITI107Assignment/data/images/img535.jpg</path>
	<source>
		<database>Unknown</database>
	</source>
	<size>
		<width>208</width>
		<height>256</height>
		<depth>3</depth>
	</size>
	<segmented>0</segmented>
	<object>
		<name>watermelon</name>
		<pose>Unspecified</pose>
		<truncated>0</truncated>
		<difficult>0</difficult>
		<bndbox>
			<xmin>48</xmin>
			<ymin>78</ymin>
			<xmax>159</xmax>
			<ymax>170</ymax>
		</bndbox>
	</object>
</annotation>
