<annotation>
	<folder>images</folder>
	<filename>img554.jpg</filename>
	<path>/Users/adelynteo/Downloads/ITI107Assignment/data/images/img554.jpg</path>
	<source>
		<database>Unknown</database>
	</source>
	<size>
		<width>208</width>
		<height>256</height>
		<depth>3</depth>
	</size>
	<segmented>0</segmented>
	<object>
		<name>watermelon</name>
		<pose>Unspecified</pose>
		<truncated>0</truncated>
		<difficult>0</difficult>
		<bndbox>
			<xmin>82</xmin>
			<ymin>62</ymin>
			<xmax>141</xmax>
			<ymax>128</ymax>
		</bndbox>
	</object>
	<object>
		<name>watermelon</name>
		<pose>Unspecified</pose>
		<truncated>0</truncated>
		<difficult>0</difficult>
		<bndbox>
			<xmin>69</xmin>
			<ymin>117</ymin>
			<xmax>129</xmax>
			<ymax>187</ymax>
		</bndbox>
	</object>
</annotation>
